t_ms,tick,n,build_us,send_us,intended_bytes,written_bytes
68,0,1000,8374,9933,3868472,3868472
118,1,1000,8509,9525,3859424,3859424
168,2,1000,8613,9663,3872336,3872336
217,3,1000,8538,9363,3866672,3866672
268,4,1000,8485,9435,3874304,3874304
318,5,1000,8477,9601,3870992,3870992
368,6,1000,8254,9722,3861104,3861104
418,7,1000,8602,9831,3863216,3863216
468,8,1000,8634,9785,3865976,3865976
518,9,1000,8264,9674,3879680,3879680
568,10,1000,8648,9755,3885200,3885200
618,11,1000,8938,9602,3889712,3889712
668,12,1000,8378,9673,3883232,3883232
718,13,1000,8593,9747,3874736,3874736
769,14,1000,8873,10297,3854288,3854288
818,15,1000,8570,9372,3850088,3850088
867,16,1000,8115,9453,3853520,3853520
917,17,1000,8382,9516,3855992,3855992
968,18,1000,8459,9857,3854192,3854192
1018,19,1000,8683,9517,3858152,3858152
1067,20,1000,8495,9284,3854384,3854384
1117,21,1000,8550,9322,3854768,3854768
1168,22,1000,8466,9382,3861512,3861512
1217,23,1000,8349,9563,3864008,3864008
1268,24,1000,8548,9836,3861560,3861560
1318,25,1000,8486,9531,3866960,3866960
1368,26,1000,8537,9900,3870848,3870848
1418,27,1000,8575,9755,3872000,3872000
1468,28,1000,8506,9730,3870200,3870200
1519,29,1000,9124,9894,3867344,3867344
1569,30,1000,9220,9981,3874280,3874280
1618,31,1000,8482,9693,3878432,3878432
1668,32,1000,8605,9689,3874184,3874184
1718,33,1000,8862,9968,3868784,3868784
1768,34,1000,8838,9895,3860960,3860960
1818,35,1000,8723,9480,3870200,3870200
1868,36,1000,8768,9746,3876608,3876608
1917,37,1000,8546,9341,3871760,3871760
1968,38,1000,8945,9519,3881552,3881552
2017,39,1000,8440,9259,3885824,3885824
2068,40,1000,8434,9711,3884600,3884600
2118,41,1000,8433,9629,3877448,3877448
2168,42,1000,8735,9806,3880376,3880376
2217,43,1000,8408,9107,3881120,3881120
2268,44,1000,8275,9718,3890048,3890048
2319,45,1000,9079,10174,3878984,3878984
2368,46,1000,8403,9826,3875600,3875600
2418,47,1000,8777,9566,3878648,3878648
2468,48,1000,8834,9828,3882032,3882032
2518,49,1000,8583,10098,3888536,3888536
2568,50,1000,8642,10095,3892664,3892664
2618,51,1000,8363,9829,3903128,3903128
2667,52,1000,8542,9360,3905504,3905504
2719,53,1000,8749,10188,3894824,3894824
2768,54,1000,8774,9599,3904256,3904256
2818,55,1000,8944,9796,3898664,3898664
2867,56,1000,8195,9444,3911672,3911672
2918,57,1000,8606,9857,3924800,3924800
2967,58,1000,8290,9421,3929264,3929264
3018,59,1000,9253,9190,3928040,3928040
3068,60,1000,8513,9722,3927728,3927728
3118,61,1000,8939,9710,3938672,3938672
3168,62,1000,8976,9678,3937760,3937760
3218,63,1000,8466,9574,3935024,3935024
3268,64,1000,8608,9756,3939056,3939056
3318,65,1000,8549,9407,3948368,3948368
3368,66,1000,8411,9513,3947744,3947744
3417,67,1000,8479,9364,3946736,3946736
3468,68,1000,8970,9597,3951248,3951248
3518,69,1000,8774,10108,3966872,3966872
3568,70,1000,8644,9595,3968192,3968192
3618,71,1000,8481,9562,3973208,3973208
3668,72,1000,8694,9804,3975296,3975296
3718,73,1000,8767,10100,3981032,3981032
3768,74,1000,8482,9462,3984152,3984152
3819,75,1000,8956,10270,3976808,3976808
3868,76,1000,8991,9875,3973736,3973736
3918,77,1000,8939,9785,3977120,3977120
3967,78,1000,8577,9287,3987104,3987104
4019,79,1000,9267,10435,3993560,3993560
4068,80,1000,8412,9857,3991328,3991328
4118,81,1000,8482,9466,3995864,3995864
4168,82,1000,8409,9652,4008680,4008680
4218,83,1000,8924,9882,4013864,4013864
4269,84,1000,8794,10181,4006520,4006520
4318,85,1000,8703,9817,4007240,4007240
4368,86,1000,8742,9949,4015208,4015208
4418,87,1000,8725,9968,4008752,4008752
4468,88,1000,8642,9808,4003688,4003688
4519,89,1000,9701,10218,4000832,4000832
4568,90,1000,8774,9693,4003160,4003160
4618,91,1000,8672,9530,4001624,4001624
4668,92,1000,8395,9627,4011584,4011584
4718,93,1000,8484,9507,4024496,4024496
4768,94,1000,8513,10000,4010768,4010768
4817,95,1000,8311,9547,4013192,4013192
4867,96,1000,8492,9373,4010048,4010048
4918,97,1000,8607,9877,4015184,4015184
4969,98,1000,8949,10208,4020536,4020536
5019,99,1000,9060,10356,4026464,4026464
5068,100,1000,8774,9804,4026704,4026704
5118,101,1000,8611,9363,4034264,4034264
5168,102,1000,9002,9547,4041008,4041008
5219,103,1000,9039,10281,4050128,4050128
5268,104,1000,8827,9277,4056368,4056368
5318,105,1000,8665,9757,4059440,4059440
5368,106,1000,8776,9780,4068104,4068104
5418,107,1000,8604,9504,4057904,4057904
5468,108,1000,8762,9506,4076504,4076504
5518,109,1000,8888,9551,4081976,4081976
5568,110,1000,8725,10010,4081832,4081832
5619,111,1000,9038,10297,4088984,4088984
5668,112,1000,8715,9696,4110128,4110128
5718,113,1000,8973,9563,4116872,4116872
5769,114,1000,9064,10056,4128080,4128080
5818,115,1000,8868,9516,4128128,4128128
5868,116,1000,9064,9586,4137920,4137920
5920,117,1000,9489,10726,4149824,4149824
5969,118,1000,9192,9980,4154192,4154192
6019,119,1000,8966,10001,4154552,4154552
6069,120,1000,8962,10063,4159904,4159904
6119,121,1000,9425,9851,4166024,4166024
6168,122,1000,8879,9905,4168640,4168640
6219,123,1000,9255,10186,4174280,4174280
6268,124,1000,8939,9624,4165760,4165760
6318,125,1000,8621,9388,4170344,4170344
6367,126,1000,8376,9198,4177712,4177712
6418,127,1000,9111,9703,4180880,4180880
6469,128,1000,9215,9917,4193000,4193000
6518,129,1000,9034,9771,4204880,4204880
6568,130,1000,8686,9457,4214984,4214984
6618,131,1000,9184,9582,4208336,4208336
6668,132,1000,8587,9470,4215344,4215344
6718,133,1000,9225,9193,4229576,4229576
6768,134,1000,8995,9591,4233992,4233992
6818,135,1000,8822,9800,4241720,4241720
6869,136,1000,9035,9900,4245872,4245872
6920,137,1000,9901,10902,4258064,4258064
6968,138,1000,8693,9799,4276520,4276520
7018,139,1000,8953,9686,4283504,4283504
7069,140,1000,9302,9928,4293104,4293104
7118,141,1000,8968,9843,4291904,4291904
7168,142,1000,8913,9381,4301960,4301960
7218,143,1000,9085,9740,4310408,4310408
7268,144,1000,8985,9687,4318736,4318736
7318,145,1000,8835,10023,4322192,4322192
7369,146,1000,9165,10357,4330904,4330904
7419,147,1000,9499,9955,4343504,4343504
7469,148,1000,9380,9987,4348640,4348640
7519,149,1000,9237,10010,4348064,4348064
7568,150,1000,8948,9646,4342256,4342256
7618,151,1000,8973,9679,4340264,4340264
7668,152,1000,8932,9561,4328792,4328792
7719,153,1000,9050,9974,4338488,4338488
7768,154,1000,8991,9878,4353896,4353896
7818,155,1000,8950,9596,4363424,4363424
7869,156,1000,9357,10131,4372520,4372520
7919,157,1000,9224,10514,4373576,4373576
7969,158,1000,9152,9778,4376816,4376816
8019,159,1000,9123,10266,4396472,4396472
8069,160,1000,9317,10082,4401776,4401776
8119,161,1000,9509,9482,4415168,4415168
8168,162,1000,9089,9708,4417136,4417136
8219,163,1000,9396,10187,4422440,4422440
8268,164,1000,9044,9774,4432232,4432232
8319,165,1000,8960,10049,4443488,4443488
8368,166,1000,9250,9627,4448288,4448288
8419,167,1000,9242,9947,4455656,4455656
8469,168,1000,9017,10086,4474400,4474400
8518,169,1000,8886,9801,4473920,4473920
8568,170,1000,8904,9778,4474832,4474832
8619,171,1000,9416,9597,4485320,4485320
8669,172,1000,9142,9875,4488104,4488104
8718,173,1000,9061,9838,4485632,4485632
8769,174,1000,9410,9974,4497632,4497632
8819,175,1000,9514,9776,4503944,4503944
8869,176,1000,9302,9654,4496936,4496936
8918,177,1000,8911,9265,4513760,4513760
8968,178,1000,8865,9582,4512224,4512224
9019,179,1000,9403,9927,4515944,4515944
