dist,mode,n,wmax,warmup_ms,measure_ms,cpu_pct
uniform,A,100,44,3000,6000,0.0
uniform,B,100,44,3000,6000,0.0
uniform,C,100,44,3000,6000,0.0
uniform,A,300,76,3000,6000,0.0
uniform,B,300,76,3000,6000,0.0
uniform,C,300,76,3000,6000,0.0
uniform,A,500,99,3000,6000,0.0
uniform,B,500,99,3000,6000,0.0
uniform,C,500,99,3000,6000,-0.0
uniform,A,1000,140,3000,6000,0.0
uniform,B,1000,140,3000,6000,0.0
uniform,C,1000,140,3000,6000,0.0
uniform,A,2000,199,3000,6000,0.0
uniform,B,2000,199,3000,6000,0.0
uniform,C,2000,199,3000,6000,0.0
clustered,A,100,59,3000,6000,0.0
clustered,B,100,59,3000,6000,0.0
clustered,C,100,59,3000,6000,0.0
clustered,A,300,59,3000,6000,0.0
clustered,B,300,59,3000,6000,-0.0
clustered,C,300,59,3000,6000,0.0
clustered,A,500,59,3000,6000,0.0
clustered,B,500,59,3000,6000,0.0
clustered,C,500,59,3000,6000,0.0
clustered,A,1000,59,3000,6000,0.0
clustered,B,1000,59,3000,6000,0.0
clustered,C,1000,59,3000,6000,0.0
clustered,A,2000,59,3000,6000,0.0
clustered,B,2000,59,3000,6000,0.0
clustered,C,2000,59,3000,6000,0.0
