dist,mode,n,wmax,ticks,tick_rate,build_us,send_us,tick_us,intended_per_tick,written_per_tick,bytes_per_sec,cpu_est,cpu_pct
clustered,A,100,59,120,20.0,259.6,855.2,1114.9,120800.0,120800.0,2416000.0,2.2,0.0
clustered,B,100,59,120,20.0,203.1,850.7,1053.8,43955.0,43955.0,879092.0,2.1,0.0
clustered,C,100,59,120,20.0,254.4,793.9,1048.3,42726.0,42726.0,854524.0,2.1,0.0
clustered,A,300,59,120,20.0,1084.4,3174.1,4258.5,1082400.0,1082400.0,21648000.0,8.5,0.0
clustered,B,300,59,120,20.0,1022.0,2788.0,3810.1,383110.0,383110.0,7662204.0,7.6,-0.0
clustered,C,300,59,120,20.0,925.7,2373.4,3299.1,374905.0,374905.0,7498096.0,6.6,0.0
clustered,A,500,59,120,20.0,2539.1,5258.2,7797.4,3004000.0,3004000.0,60080000.0,15.6,0.0
clustered,B,500,59,120,20.0,2513.1,4693.3,7206.4,1073349.0,1073349.0,21466988.0,14.4,0.0
clustered,C,500,59,120,20.0,2299.5,4610.3,6909.8,1070476.0,1070476.0,21409528.0,13.8,0.0
clustered,A,1000,59,120,20.0,9772.5,10586.9,20359.4,12008000.0,12008000.0,240160000.0,40.7,0.0
clustered,B,1000,59,120,20.0,9281.6,9735.9,19017.5,4099062.0,4099062.0,81981236.0,38.0,0.0
clustered,C,1000,59,120,20.0,8931.4,9792.6,18724.0,4174646.0,4174646.0,83492924.0,37.4,0.0
clustered,A,2000,59,94,15.6,36104.2,25902.4,62006.5,48016000.0,48016000.0,960320000.0,96.4,0.0
clustered,B,2000,59,100,16.5,35635.2,22594.1,58229.2,16247173.0,16247173.0,324943453.0,96.3,0.0
clustered,C,2000,59,107,17.7,32027.2,22094.9,54122.1,15996390.0,15996390.0,319927798.0,96.0,0.0
uniform,A,100,44,120,20.0,140.7,626.3,767.0,120800.0,120800.0,2416000.0,1.5,0.0
uniform,B,100,44,120,20.0,167.8,658.0,825.8,71088.0,71088.0,1421764.0,1.7,0.0
uniform,C,100,44,120,20.0,194.6,761.6,956.2,65918.0,65918.0,1318356.0,1.9,0.0
uniform,A,300,76,120,20.0,1053.7,2936.9,3990.6,1082400.0,1082400.0,21648000.0,8.0,0.0
uniform,B,300,76,120,20.0,965.6,2663.7,3629.3,248753.0,248753.0,4975052.0,7.3,0.0
uniform,C,300,76,120,20.0,771.3,2293.3,3064.6,253783.0,253783.0,5075656.0,6.1,0.0
uniform,A,500,99,120,20.0,2544.1,5150.7,7694.8,3004000.0,3004000.0,60080000.0,15.4,0.0
uniform,B,500,99,120,20.0,2031.8,4697.6,6729.5,437645.0,437645.0,8752904.0,13.5,0.0
uniform,C,500,99,120,20.0,1345.7,3844.5,5190.2,433850.0,433850.0,8676992.0,10.4,-0.0
uniform,A,1000,140,120,20.0,9282.3,10688.1,19970.4,12008000.0,12008000.0,240160000.0,39.9,0.0
uniform,B,1000,140,120,20.0,5704.6,9804.4,15509.1,919568.0,919568.0,18391364.0,31.0,0.0
uniform,C,1000,140,120,20.0,3012.7,8789.7,11802.5,928207.0,928207.0,18564144.0,23.6,0.0
uniform,A,2000,199,94,15.6,36154.4,25777.0,61931.4,48016000.0,48016000.0,960320000.0,96.3,0.0
uniform,B,2000,199,120,20.0,16285.4,18342.1,34627.4,1899743.0,1899743.0,37994868.0,69.3,0.0
uniform,C,2000,199,120,20.0,6622.1,17728.3,24350.4,1906261.0,1906261.0,38125216.0,48.7,0.0
